Policy Area,Need Group,Agency,Type,Need,Request
Health Care and Human Services,Needs for Older NYs,Department for the Aging (DFTA),Capital,Facilities for seniors,Renovate or upgrade a senior center
Health Care and Human Services,Needs for Older NYs,Department for the Aging (DFTA),Capital,Services for homebound older adults,Other capital budget request for DFTA
Health Care and Human Services,Needs for Older NYs,Department for the Aging (DFTA),Expense,Elder abuse programs,Continue Crime Prevention/Victim Assistance Program for Seniors
Health Care and Human Services,Needs for Older NYs,Department for the Aging (DFTA),Expense,Elder abuse programs,Enhance programs for elder abuse victims
Health Care and Human Services,Needs for Older NYs,Department for the Aging (DFTA),Expense,Naturally Occurring Retirement Community (NORC) programs,Enhance NORC programs and health services
Health Care and Human Services,Needs for Older NYs,Department for the Aging (DFTA),Expense,Senior center programs,Enhance educational and recreational programs
Health Care and Human Services,Needs for Older NYs,Department for the Aging (DFTA),Expense,Senior center programs,Funding for a new senior center program
Health Care and Human Services,Needs for Older NYs,Department for the Aging (DFTA),Expense,Senior center programs,Other senior center program requests
Health Care and Human Services,Needs for Older NYs,Department for the Aging (DFTA),Expense,Senior center programs,Provide additional senior center staffing
Health Care and Human Services,Needs for Older NYs,Department for the Aging (DFTA),Expense,Services for homebound older adults,Allocate funds for outreach services to homebound older adults and for programs that allow the elderly to age in place
Health Care and Human Services,Needs for Older NYs,Department for the Aging (DFTA),Expense,Services for homebound older adults,Enhance home care services
Health Care and Human Services,Needs for Older NYs,Department for the Aging (DFTA),Expense,Services for homebound older adults,Increase case management capacity
Health Care and Human Services,Needs for Older NYs,Department for the Aging (DFTA),Expense,Services for homebound older adults,Increase home delivered meals capacity
Health Care and Human Services,Needs for Older NYs,Department for the Aging (DFTA),Expense,Services for homebound older adults,Increase programmatic funding to Friendly Visiting Programs
Health Care and Human Services,Needs for Older NYs,Department for the Aging (DFTA),Expense,Services for homebound older adults,Increase staffing for homebound adult programs
Health Care and Human Services,Needs for Older NYs,Department for the Aging (DFTA),Expense,Services for homebound older adults,Increase transportation services capacity
Health Care and Human Services,Needs for Older NYs,Department for the Aging (DFTA),Expense,Services for homebound older adults,Other expense budget request for DFTA
Health Care and Human Services,Needs for Health Care and Facilities,Department of Health and Mental Hygiene (DOHMH),Expense,Animal and pest control services,Animal and pest control requests including reducing rat and mosquito populations
Health Care and Human Services,Needs for Health Care and Facilities,Department of Health and Mental Hygiene (DOHMH),Expense,Developmental delays programs ,Create or promote programs to destigmatize developmental delays and encourage treatment
Health Care and Human Services,Needs for Health Care and Facilities,Department of Health and Mental Hygiene (DOHMH),Expense,Health and safety inspections ,"Increase health and safety inspections, e.g. for restaurants and childcare programs"
Health Care and Human Services,Needs for Health Care and Facilities,Department of Health and Mental Hygiene (DOHMH),Expense,Healthy homes programs ,Create or promote programs to decrease children’s emergency department visits for asthma and prevent injuries
Health Care and Human Services,Needs for Health Care and Facilities,Department of Health and Mental Hygiene (DOHMH),Expense,Healthy lifestyles programs,"Create or promote programs for education and awareness on preventing chronic diseases including quitting smoking, nutrition, physical activity, etc."
Health Care and Human Services,Needs for Health Care and Facilities,Department of Health and Mental Hygiene (DOHMH),Expense,Mental health programs ,Create or promote programs to de-stigmatize mental health needs and encourage treatment
Health Care and Human Services,Needs for Health Care and Facilities,Department of Health and Mental Hygiene (DOHMH),Capital,Other needs,Other capital budget request for DOHMH
Health Care and Human Services,Needs for Health Care and Facilities,Department of Health and Mental Hygiene (DOHMH),Expense,Programs to address HIV/AIDS or other infectious diseases,"Provide more information and services related to STIs, HIV/AIDS, and family planning"
Health Care and Human Services,Needs for Health Care and Facilities,Department of Health and Mental Hygiene (DOHMH),Expense,Programs to address HIV/AIDS or other infectious diseases,Provide more tuberculosis information and services
Health Care and Human Services,Needs for Health Care and Facilities,Department of Health and Mental Hygiene (DOHMH),Expense,Programs to address HIV/AIDS or other infectious diseases,Promote vaccinations and immunizations
Health Care and Human Services,Needs for Health Care and Facilities,Department of Health and Mental Hygiene (DOHMH),Expense,Programs to address other infectious diseases,Provide more information and services for non-vaccine preventable illnesses
Health Care and Human Services,Needs for Health Care and Facilities,Department of Health and Mental Hygiene (DOHMH),Expense,Programs to address other public health issues,Other programs to address public health issues requests
Health Care and Human Services,Needs for Health Care and Facilities,Department of Health and Mental Hygiene (DOHMH),Expense,Substance misuse prevention programs,Create or promote programs to de-stigmatize substance misuse and encourage treatment
Health Care and Human Services,Needs for Health Care and Facilities,Health and Hospitals Corporation (HHC),Capital,Health care facilities,Provide a new or expanded health care facility
Health Care and Human Services,Needs for Health Care and Facilities,Health and Hospitals Corporation (HHC),Capital,Health care facilities,Renovate or upgrade an existing health care facility
Health Care and Human Services,Needs for Health Care and Facilities,Health and Hospitals Corporation (HHC),Capital,Health care facilities,Replace or upgrade information technology equipment
Health Care and Human Services,Needs for Health Care and Facilities,Health and Hospitals Corporation (HHC),Capital,Health care facilities,Replace or upgrade medical/clinical equipment
Health Care and Human Services,Needs for Health Care and Facilities,Health and Hospitals Corporation (HHC),Capital,Health care facilities,Other Capital health care facilities request
Health Care and Human Services,Needs for Health Care and Facilities,Health and Hospitals Corporation (HHC),Expense,Health care facilities,Other expense budget request for HHC
Health Care and Human Services,Needs for Homeless,Department for Homeless Services (DHS),Capital,Facilities for the homeless,Provide new homeless shelters or SROs
Health Care and Human Services,Needs for Homeless,Department for Homeless Services (DHS),Capital,Facilities for the homeless,Upgrade existing facilities for the homeless
Health Care and Human Services,Needs for Homeless,Department for Homeless Services (DHS),Capital,Facilities for the homeless,Other facilities for homeless requests
Health Care and Human Services,Needs for Homeless,Department for Homeless Services (DHS),Capital,Services for the homeless,Other capital budget request for DHS
Health Care and Human Services,Needs for Homeless,Department for Homeless Services (DHS),Expense,Services for the homeless,Expand street outreach
Health Care and Human Services,Needs for Homeless,Department for Homeless Services (DHS),Expense,Services for the homeless,Improve safety at homeless shelters
Health Care and Human Services,Needs for Homeless,Department for Homeless Services (DHS),Expense,Services for the homeless,Other request for services for the homeless
Health Care and Human Services,Needs for Homeless,Department for Homeless Services (DHS),Expense,Services for the homeless,Provide programs for homeless veterans
Health Care and Human Services,Needs for Low Income NYs,Human Resources Administration (HRA),Expense,Assistance for persons living with clinically symptomatic HIV or AIDS,"Provide case management, cash assistance, or social services"
Health Care and Human Services,Needs for Low Income NYs,Human Resources Administration (HRA),Expense,Domestic violence services,Other domestic violence services requests
Health Care and Human Services,Needs for Low Income NYs,Human Resources Administration (HRA),Expense,Domestic violence services,Provide emergency shelter for domestic violence victims
Health Care and Human Services,Needs for Low Income NYs,Human Resources Administration (HRA),Expense,Domestic violence services,"Provide social services for domestic violence survivors (legal services, counseling, referral to supportive services, etc.)"
Health Care and Human Services,Needs for Low Income NYs,Human Resources Administration (HRA),Expense,Homelessness prevention programs,Other homelessness prevention program request
Health Care and Human Services,Needs for Low Income NYs,Human Resources Administration (HRA),Expense,Homelessness prevention programs,"Provide, expand, or enhance homeless prevention programs/anti-eviction legal services"
Health Care and Human Services,Needs for Low Income NYs,Human Resources Administration (HRA),Expense,Homelessness prevention programs,"Provide, expand, or enhance rental assistance programs/vouchers for permanent housing"
Health Care and Human Services,Needs for Low Income NYs,Human Resources Administration (HRA),Expense,Services for vulnerable New Yorkers,Assist low income households in paying for energy costs
Health Care and Human Services,Needs for Low Income NYs,Human Resources Administration (HRA),Expense,Services for vulnerable New Yorkers,"Expand, or enhance Emergency Food Assistance Program (EFAP)"
Health Care and Human Services,Needs for Low Income NYs,Human Resources Administration (HRA),Expense,Services for vulnerable New Yorkers,Improve the delivery of emergency food and shelter in case of a disaster
Health Care and Human Services,Needs for Low Income NYs,Human Resources Administration (HRA),Expense,Services for vulnerable New Yorkers,Other request for services for vulnerable New Yorkers
Health Care and Human Services,Needs for Low Income NYs,Human Resources Administration (HRA),Expense,Services for vulnerable New Yorkers,"Provide, expand, or enhance adult protective services"
Health Care and Human Services,Needs for Low Income NYs,Human Resources Administration (HRA),Expense,Services for vulnerable New Yorkers,"Provide, expand, or enhance in-home medical and non-medical care"
Health Care and Human Services,Needs for Low Income NYs,Human Resources Administration (HRA),Expense,Services to support low-income New Yorkers,Enhance cash assistance programs
Health Care and Human Services,Needs for Low Income NYs,Human Resources Administration (HRA),Expense,Services to support low-income New Yorkers,Expand access to public health insurance such as Medicaid
Health Care and Human Services,Needs for Low Income NYs,Human Resources Administration (HRA),Expense,Services to support low-income New Yorkers,Other request for services to support low-income New Yorkers
Health Care and Human Services,Needs for Low Income NYs,Human Resources Administration (HRA),Expense,Services to support low-income New Yorkers,Provide Metrocards to help low-income New Yorkers get to work and around the City
Health Care and Human Services,Needs for Low Income NYs,Human Resources Administration (HRA),Expense,Services to support low-income New Yorkers,"Provide, expand, or enhance educational programs for adults"
Health Care and Human Services,Needs for Low Income NYs,Human Resources Administration (HRA),Expense,Services to support low-income New Yorkers,"Provide, expand, or enhance Fair Fares"
Health Care and Human Services,Needs for Low Income NYs,Human Resources Administration (HRA),Expense,Services to support low-income New Yorkers,"Provide, expand, or enhance food assistance, such as Food Stamps / SNAP"
Health Care and Human Services,Needs for Low Income NYs,Human Resources Administration (HRA),Expense,Services to support low-income New Yorkers,"Provide, expand, or enhance job search and placement support"
Health Care and Human Services,Needs for Low Income NYs,Human Resources Administration (HRA),Expense,Services to support low-income New Yorkers,"Provide, expand, or enhance job training"
Health Care and Human Services,Needs for Low Income NYs,Human Resources Administration (HRA),Capital,Services for vulnerable New Yorkers,Other capital budget request for HRA
Health Care and Human Services,Needs for Low Income NYs,Human Resources Administration (HRA),Expense,Services for vulnerable New Yorkers,Other expense budget request for HRA
"Youth, Education, and Child Welfare",Needs for Youth Education,Department of Education (DOE),Expense,Early care and educational programs,"Provide, expand, or enhance funding for Child Care and Head Start programs"
"Youth, Education, and Child Welfare",Needs for Youth Education,Department of Education (DOE),Expense,Educational programs,"Assign more non-teaching staff, e.g., to provide social, health and other services"
"Youth, Education, and Child Welfare",Needs for Youth Education,Department of Education (DOE),Expense,Educational programs,Assign more teaching staff
"Youth, Education, and Child Welfare",Needs for Youth Education,Department of Education (DOE),Expense,Educational programs,"Expand or improve nutritional programs, e.g., school meals"
"Youth, Education, and Child Welfare",Needs for Youth Education,Department of Education (DOE),Expense,Educational programs,Other educational programs requests
"Youth, Education, and Child Welfare",Needs for Youth Education,Department of Education (DOE),Expense,Educational programs,Provide more funds for teaching resources such as classroom material
"Youth, Education, and Child Welfare",Needs for Youth Education,Department of Education (DOE),Capital,Educational programs,Other capital budget request for DOE
"Youth, Education, and Child Welfare",Needs for Youth Education,Department of Education (DOE),Expense,Educational programs,Other expense budget request for DOE
"Youth, Education, and Child Welfare",Needs for Youth Education,School Construction Authority,Capital,Schools and educational facilities,Provide a new or expand an existing elementary school
"Youth, Education, and Child Welfare",Needs for Youth Education,School Construction Authority,Capital,Schools and educational facilities,Provide a new or expand an existing high school
"Youth, Education, and Child Welfare",Needs for Youth Education,School Construction Authority,Capital,Schools and educational facilities,Provide a new or expand an existing middle/intermediate school
"Youth, Education, and Child Welfare",Needs for Youth Education,School Construction Authority,Capital,Schools and educational facilities,Provide technology upgrade
"Youth, Education, and Child Welfare",Needs for Youth Education,School Construction Authority,Capital,Schools and educational facilities,Renovate exterior building component
"Youth, Education, and Child Welfare",Needs for Youth Education,School Construction Authority,Capital,Schools and educational facilities,Renovate interior building component
"Youth, Education, and Child Welfare",Needs for Youth Education,School Construction Authority,Capital,Schools and educational facilities,Renovate or upgrade a high school
"Youth, Education, and Child Welfare",Needs for Youth Education,School Construction Authority,Capital,Schools and educational facilities,Renovate or upgrade a middle or intermediate school
"Youth, Education, and Child Welfare",Needs for Youth Education,School Construction Authority,Capital,Schools and educational facilities,Renovate or upgrade an elementary school
"Youth, Education, and Child Welfare",Needs for Youth Education,School Construction Authority,Capital,Schools and educational facilities,Renovate other site component
"Youth, Education, and Child Welfare",Needs for Youth and Child Welfare,Administration for Children's Services (ACS),Expense,Agency-wide,Increase staff recruitment and retention
"Youth, Education, and Child Welfare",Needs for Youth and Child Welfare,Administration for Children's Services (ACS),Expense,Agency-wide,"Provide, expand, or enhance training opportunities for staff"
"Youth, Education, and Child Welfare",Needs for Youth and Child Welfare,Administration for Children's Services (ACS),Capital,Agency-wide,"Renovate, upgrade, or expand ACS sites that provide services to children, youth and families"
"Youth, Education, and Child Welfare",Needs for Youth and Child Welfare,Administration for Children's Services (ACS),Expense,Child and family well-being,"Provide, expand, or enhance primary prevention services to strengthen families"
"Youth, Education, and Child Welfare",Needs for Youth and Child Welfare,Administration for Children's Services (ACS),Expense,Child protection and child welfare,Increase support for child protection staff
"Youth, Education, and Child Welfare",Needs for Youth and Child Welfare,Administration for Children's Services (ACS),Expense,Foster care and child welfare,Increase kinship foster care placements and support for foster parents
"Youth, Education, and Child Welfare",Needs for Youth and Child Welfare,Administration for Children's Services (ACS),Expense,Foster care and child welfare,Other foster care and child welfare requests
"Youth, Education, and Child Welfare",Needs for Youth and Child Welfare,Administration for Children's Services (ACS),Expense,Foster care and child welfare,"Provide, expand, or enhance funding to support higher education and/or workforce development opportunities for youth who are leaving foster care"
"Youth, Education, and Child Welfare",Needs for Youth and Child Welfare,Administration for Children's Services (ACS),Expense,Foster care and child welfare,"Provide, expand, or enhance housing assistance for youth that are leaving foster care"
"Youth, Education, and Child Welfare",Needs for Youth and Child Welfare,Administration for Children's Services (ACS),Expense,Juvenile justice programs,Increase support for juvenile justice staff
"Youth, Education, and Child Welfare",Needs for Youth and Child Welfare,Administration for Children's Services (ACS),Expense,Juvenile justice programs,"Provide, expand, or enhance preventive services and community based alternatives for youth"
"Youth, Education, and Child Welfare",Needs for Youth and Child Welfare,Administration for Children's Services (ACS),Expense,Juvenile justice programs,"Provide, expand, or enhance programming for Close to Home residential programs and/or juvenile detention sites"
"Youth, Education, and Child Welfare",Needs for Youth and Child Welfare,Administration for Children's Services (ACS),Expense,Preventive and child welfare,"Provide, expand, or enhance child welfare preventive services"
"Youth, Education, and Child Welfare",Needs for Youth and Child Welfare,Administration for Children's Services (ACS),Expense,Agency-wide,Other expense budget request for ACS
"Youth, Education, and Child Welfare",Needs for Youth and Child Welfare,Department of Youth and Community Development (DYCD),Expense,After school programs,"Provide, expand, or enhance after school programs for elementary school students (grades K-5)"
"Youth, Education, and Child Welfare",Needs for Youth and Child Welfare,Department of Youth and Community Development (DYCD),Expense,After school programs,"Provide, expand, or enhance after school programs for middle school students (grades 6-8)"
"Youth, Education, and Child Welfare",Needs for Youth and Child Welfare,Department of Youth and Community Development (DYCD),Expense,After school programs,"Provide, expand, or enhance Cornerstone and Beacon programs (all ages, including young adults)"
"Youth, Education, and Child Welfare",Needs for Youth and Child Welfare,Department of Youth and Community Development (DYCD),Expense,Literacy programs,"Provide, expand, or enhance adolescent literacy programs and services"
"Youth, Education, and Child Welfare",Needs for Youth and Child Welfare,Department of Youth and Community Development (DYCD),Expense,Literacy programs,"Provide, expand, or enhance adult literacy programs services"
"Youth, Education, and Child Welfare",Needs for Youth and Child Welfare,Department of Youth and Community Development (DYCD),Expense,Programs for non-custodial fathers,"Provide, expand, or enhance fatherhood programs for non-custodial fathers, e.g. parenting skills training"
"Youth, Education, and Child Welfare",Needs for Youth and Child Welfare,Department of Youth and Community Development (DYCD),Expense,Runaway and homeless youth,Other runaway and homeless youth requests
"Youth, Education, and Child Welfare",Needs for Youth and Child Welfare,Department of Youth and Community Development (DYCD),Expense,Runaway and homeless youth,"Provide, expand, or enhance drop-in center services"
"Youth, Education, and Child Welfare",Needs for Youth and Child Welfare,Department of Youth and Community Development (DYCD),Expense,Runaway and homeless youth,"Provide, expand, or enhance residential services"
"Youth, Education, and Child Welfare",Needs for Youth and Child Welfare,Department of Youth and Community Development (DYCD),Expense,Runaway and homeless youth,"Provide, expand, or enhance street outreach services"
"Youth, Education, and Child Welfare",Needs for Youth and Child Welfare,Department of Youth and Community Development (DYCD),Expense,Services for immigrants and immigrant families,Other services for immigrants and immigrant families requests
"Youth, Education, and Child Welfare",Needs for Youth and Child Welfare,Department of Youth and Community Development (DYCD),Expense,Services for immigrants and immigrant families,"Provide, expand, or enhance English for speakers of other languages (ESOL) services"
"Youth, Education, and Child Welfare",Needs for Youth and Child Welfare,Department of Youth and Community Development (DYCD),Expense,Youth workforce development,Other youth workforce development requests
"Youth, Education, and Child Welfare",Needs for Youth and Child Welfare,Department of Youth and Community Development (DYCD),Expense,Youth workforce development,"Provide, expand, or enhance skills training and employment services for high school students at risk of dropping out"
"Youth, Education, and Child Welfare",Needs for Youth and Child Welfare,Department of Youth and Community Development (DYCD),Expense,Youth workforce development,"Provide, expand, or enhance the out-of-school youth program for job training and employment services"
"Youth, Education, and Child Welfare",Needs for Youth and Child Welfare,Department of Youth and Community Development (DYCD),Expense,Youth workforce development,"Provide, expand, or enhance the Summer Youth Employment Program"
"Youth, Education, and Child Welfare",Needs for Youth and Child Welfare,Department of Youth and Community Development (DYCD),Expense,Youth workforce development,"Provide, expand, or enhance the Young Adult Internship Program"
"Youth, Education, and Child Welfare",Needs for Youth and Child Welfare,Department of Youth and Community Development (DYCD),Expense,After school programs,Other expense budget request for DYCD
"Youth, Education, and Child Welfare",Needs for Youth and Child Welfare,Department of Youth and Community Development (DYCD),Capital,After school programs,Other capital budget request for DYCD
Public Safety and Emergency Services,Needs for Public Safety,New York Police Department (NYPD),Capital,NYPD facilities and equipment,Add NYPD parking facilities
Public Safety and Emergency Services,Needs for Public Safety,New York Police Department (NYPD),Capital,NYPD facilities and equipment,Other NYPD facilities and equipment requests
Public Safety and Emergency Services,Needs for Public Safety,New York Police Department (NYPD),Expense,NYPD facilities and equipment,Other NYPD facilities and equipment requests 
Public Safety and Emergency Services,Needs for Public Safety,New York Police Department (NYPD),Capital,NYPD facilities and equipment,"Provide a new NYPD facility, such as a new precinct house or sub-precinct"
Public Safety and Emergency Services,Needs for Public Safety,New York Police Department (NYPD),Expense,NYPD facilities and equipment,Provide additional patrol cars and other vehicles
Public Safety and Emergency Services,Needs for Public Safety,New York Police Department (NYPD),Expense,NYPD facilities and equipment,Provide additional ShotSpotter coverage
Public Safety and Emergency Services,Needs for Public Safety,New York Police Department (NYPD),Capital,NYPD facilities and equipment,Provide surveillance (Argus) cameras
Public Safety and Emergency Services,Needs for Public Safety,New York Police Department (NYPD),Capital,NYPD facilities and equipment,Renovate or upgrade existing precinct houses
Public Safety and Emergency Services,Needs for Public Safety,New York Police Department (NYPD),Capital,NYPD facilities and equipment,Upgrade the emergency response system
Public Safety and Emergency Services,Needs for Public Safety,New York Police Department (NYPD),Expense,NYPD programs,Increase resources for domestic violence prevention programs
Public Safety and Emergency Services,Needs for Public Safety,New York Police Department (NYPD),Expense,NYPD programs,Increase resources for other crime prevention programs
Public Safety and Emergency Services,Needs for Public Safety,New York Police Department (NYPD),Expense,NYPD programs,"Increase resources for vandalism prevention programs, such as anti-graffiti initiatives"
Public Safety and Emergency Services,Needs for Public Safety,New York Police Department (NYPD),Expense,NYPD programs,Increase resources for youth crime prevention programs
Public Safety and Emergency Services,Needs for Public Safety,New York Police Department (NYPD),Expense,NYPD programs,Other NYPD programs requests
Public Safety and Emergency Services,Needs for Public Safety,New York Police Department (NYPD),Expense,NYPD staff and training resources,Hire additional community affairs officers
Public Safety and Emergency Services,Needs for Public Safety,New York Police Department (NYPD),Expense,NYPD staff and training resources,Hire additional crossing guards
Public Safety and Emergency Services,Needs for Public Safety,New York Police Department (NYPD),Expense,NYPD staff and training resources,Hire additional housing police officers
Public Safety and Emergency Services,Needs for Public Safety,New York Police Department (NYPD),Expense,NYPD staff and training resources,Hire additional school safety agents
Public Safety and Emergency Services,Needs for Public Safety,New York Police Department (NYPD),Expense,NYPD staff and training resources,"Hire additional staff to address specific crimes (e.g. drug, gang-related, vice, etc.)"
Public Safety and Emergency Services,Needs for Public Safety,New York Police Department (NYPD),Expense,NYPD staff and training resources,Hire additional traffic enforcement agents
Public Safety and Emergency Services,Needs for Public Safety,New York Police Department (NYPD),Expense,NYPD staff and training resources,Hire additional transit police officers
Public Safety and Emergency Services,Needs for Public Safety,New York Police Department (NYPD),Expense,NYPD staff and training resources,Hire additional uniformed officers
Public Safety and Emergency Services,Needs for Public Safety,New York Police Department (NYPD),Expense,NYPD staff and training resources,Other NYPD staff resources requests
Public Safety and Emergency Services,Needs for Public Safety,New York Police Department (NYPD),Expense,NYPD staff and training resources,"Provide resources to train officers, e.g. in community policing"
Public Safety and Emergency Services,Needs for Emergency Services,Fire Department of New York (FDNY),Capital,FDNY facilities and equipment,Other FDNY facilities and equipment requests
Public Safety and Emergency Services,Needs for Emergency Services,Fire Department of New York (FDNY),Capital,FDNY facilities and equipment,"Provide new emergency vehicles, such as fire trucks or ambulances"
Public Safety and Emergency Services,Needs for Emergency Services,Fire Department of New York (FDNY),Capital,FDNY facilities and equipment,Provide new facilities such as a firehouse or EMS station
Public Safety and Emergency Services,Needs for Emergency Services,Fire Department of New York (FDNY),Capital,FDNY facilities and equipment,Rehabilitate or renovate existing fire houses or EMS stations
Public Safety and Emergency Services,Needs for Emergency Services,Fire Department of New York (FDNY),Capital,FDNY facilities and equipment,Upgrade communication equipment to improve emergency response
Public Safety and Emergency Services,Needs for Emergency Services,Fire Department of New York (FDNY),Expense,FDNY programs and staffing,Expand funding for fire prevention and life safety initiatives
Public Safety and Emergency Services,Needs for Emergency Services,Fire Department of New York (FDNY),Expense,FDNY programs and staffing,Provide more firefighters or EMS workers
Public Safety and Emergency Services,Needs for Emergency Services,Fire Department of New York (FDNY),Expense,FDNY programs and staffing,Other expense budget request for FDNY
Public Safety and Emergency Services,Needs for Emergency Services,Fire Department of New York (FDNY),Capital,FDNY facilities and equipment,Other capital budget request for FDNY
"Core Infrastructure, City Services, and Resiliency","Needs for Water, Sewers, and Environmental Protection",Department of Environmental Protection (DEP),Expense,Environmental protection,Investigate air quality complaints at specific location
"Core Infrastructure, City Services, and Resiliency","Needs for Water, Sewers, and Environmental Protection",Department of Environmental Protection (DEP),Expense,Environmental protection,Investigate and address a hazardous materials complaint at a specific address/location
"Core Infrastructure, City Services, and Resiliency","Needs for Water, Sewers, and Environmental Protection",Department of Environmental Protection (DEP),Expense,Environmental protection,Investigate noise complaints at specific location
"Core Infrastructure, City Services, and Resiliency","Needs for Water, Sewers, and Environmental Protection",Department of Environmental Protection (DEP),Expense,Environmental protection,Request investigation of asbestos abatement work at specific location/address
"Core Infrastructure, City Services, and Resiliency","Needs for Water, Sewers, and Environmental Protection",Department of Environmental Protection (DEP),Expense,Sewage and flooding,Clean catch basins
"Core Infrastructure, City Services, and Resiliency","Needs for Water, Sewers, and Environmental Protection",Department of Environmental Protection (DEP),Capital,Sewage and flooding,Develop a capital project for specific street segments currently lacking sanitary sewers
"Core Infrastructure, City Services, and Resiliency","Needs for Water, Sewers, and Environmental Protection",Department of Environmental Protection (DEP),Capital,Sewage and flooding,"Evaluate a public location or property for green infrastructure, e.g. rain gardens, stormwater greenstreets, green playgrounds"
"Core Infrastructure, City Services, and Resiliency","Needs for Water, Sewers, and Environmental Protection",Department of Environmental Protection (DEP),Capital,Sewage and flooding,"Evaluate a street segment or intersection for green infrastructure, e.g. rain gardens, stormwater greenstreets, and plan for construction if feasible"
"Core Infrastructure, City Services, and Resiliency","Needs for Water, Sewers, and Environmental Protection",Department of Environmental Protection (DEP),Expense,Sewage and flooding,Inspect sanitary sewer on specific street segment and repair or replace as needed
"Core Infrastructure, City Services, and Resiliency","Needs for Water, Sewers, and Environmental Protection",Department of Environmental Protection (DEP),Expense,Sewage and flooding,"Inspect storm sewer on specific street segment and service, repair or replace as needed"
"Core Infrastructure, City Services, and Resiliency","Needs for Water, Sewers, and Environmental Protection",Department of Environmental Protection (DEP),Capital,Sewage and flooding,Move a planned capital project into the budget for the next fiscal year
"Core Infrastructure, City Services, and Resiliency","Needs for Water, Sewers, and Environmental Protection",Department of Environmental Protection (DEP),Expense,Wastewater treatment system,Investigate complaints about wastewater facility effluent or overflow and address/repair or make equipment improvements as needed
"Core Infrastructure, City Services, and Resiliency","Needs for Water, Sewers, and Environmental Protection",Department of Environmental Protection (DEP),Expense,Wastewater treatment system,Investigate odor complaints about a wastewater facility and address/repair or make equipment improvements as needed
"Core Infrastructure, City Services, and Resiliency","Needs for Water, Sewers, and Environmental Protection",Department of Environmental Protection (DEP),Expense,Water supply system,Inspect fire hydrant at a specific location and repair or replace as needed
"Core Infrastructure, City Services, and Resiliency","Needs for Water, Sewers, and Environmental Protection",Department of Environmental Protection (DEP),Expense,Water supply system,Inspect water main on specific street segment and repair or replace as needed
"Core Infrastructure, City Services, and Resiliency","Needs for Water, Sewers, and Environmental Protection",Department of Environmental Protection (DEP),Expense,Water supply system,Investigate and address water pressure complaint at specific address or on specific street segment
"Core Infrastructure, City Services, and Resiliency","Needs for Water, Sewers, and Environmental Protection",Department of Environmental Protection (DEP),Expense,Water supply system,Investigate and address water quality complaints at an address or on specific street segments
"Core Infrastructure, City Services, and Resiliency","Needs for Water, Sewers, and Environmental Protection",Department of Environmental Protection (DEP),Capital,Environmental protection,Other capital budget request for DEP
"Core Infrastructure, City Services, and Resiliency","Needs for Water, Sewers, and Environmental Protection",Department of Environmental Protection (DEP),Expense,Environmental protection,Other expense budget request for DEP
"Core Infrastructure, City Services, and Resiliency",Needs for Sanitation Services,Department of Sanitation (DSNY),Expense,Garbage collection and recycling,Expand disposal events for hazardous household waste
"Core Infrastructure, City Services, and Resiliency",Needs for Sanitation Services,Department of Sanitation (DSNY),Expense,Garbage collection and recycling,Expand opportunities for electronic waste collection and disposal
"Core Infrastructure, City Services, and Resiliency",Needs for Sanitation Services,Department of Sanitation (DSNY),Expense,Garbage collection and recycling,Other garbage collection and recycling requests
"Core Infrastructure, City Services, and Resiliency",Needs for Sanitation Services,Department of Sanitation (DSNY),Expense,Garbage collection and recycling,Provide more frequent garbage or recycling pick-up
"Core Infrastructure, City Services, and Resiliency",Needs for Sanitation Services,Department of Sanitation (DSNY),Expense,Garbage collection and recycling,Provide more frequent garbage or recycling pick-up for schools and institutions
"Core Infrastructure, City Services, and Resiliency",Needs for Sanitation Services,Department of Sanitation (DSNY),Expense,Garbage collection and recycling,Provide more frequent organics/recycling collection service for schools and institutions
"Core Infrastructure, City Services, and Resiliency",Needs for Sanitation Services,Department of Sanitation (DSNY),Expense,Garbage collection and recycling,Provide more on-street trash cans and recycling containers
"Core Infrastructure, City Services, and Resiliency",Needs for Sanitation Services,Department of Sanitation (DSNY),Expense,Garbage collection and recycling,Provide or expand community composting programs
"Core Infrastructure, City Services, and Resiliency",Needs for Sanitation Services,Department of Sanitation (DSNY),Expense,Garbage collection and recycling,Expand Curbside Composting
"Core Infrastructure, City Services, and Resiliency",Needs for Sanitation Services,Department of Sanitation (DSNY),Capital,Garbage collection and recycling infrastructure,Maintain replacement cycle for trucks and equipment
"Core Infrastructure, City Services, and Resiliency",Needs for Sanitation Services,Department of Sanitation (DSNY),Capital,Garbage collection and recycling infrastructure,Other garbage collection and recycling infrastructure requests
"Core Infrastructure, City Services, and Resiliency",Needs for Sanitation Services,Department of Sanitation (DSNY),Capital,Garbage collection and recycling infrastructure,Provide new or increase number of sanitation trucks and other equipment
"Core Infrastructure, City Services, and Resiliency",Needs for Sanitation Services,Department of Sanitation (DSNY),Capital,Garbage collection and recycling infrastructure,Provide new or upgrade existing sanitation garages or other sanitation infrastructure
"Core Infrastructure, City Services, and Resiliency",Needs for Sanitation Services,Department of Sanitation (DSNY),Capital,Garbage collection and recycling infrastructure,Increase number of surveillance cameras for illegal dumping
"Core Infrastructure, City Services, and Resiliency",Needs for Sanitation Services,Department of Sanitation (DSNY),Expense,Sanitation enforcement,Increase enforcement of alternate street parking cleaning rules
"Core Infrastructure, City Services, and Resiliency",Needs for Sanitation Services,Department of Sanitation (DSNY),Expense,Sanitation enforcement,Increase enforcement of canine waste laws
"Core Infrastructure, City Services, and Resiliency",Needs for Sanitation Services,Department of Sanitation (DSNY),Expense,Sanitation enforcement,Increase enforcement of dirty sidewalk/dirty area/failure to clean area laws
"Core Infrastructure, City Services, and Resiliency",Needs for Sanitation Services,Department of Sanitation (DSNY),Expense,Sanitation enforcement,Increase enforcement of failure to store receptacle laws
"Core Infrastructure, City Services, and Resiliency",Needs for Sanitation Services,Department of Sanitation (DSNY),Expense,Sanitation enforcement,Increase enforcement of illegal dumping laws
"Core Infrastructure, City Services, and Resiliency",Needs for Sanitation Services,Department of Sanitation (DSNY),Expense,Sanitation enforcement,Increase enforcement of illegal posting laws
"Core Infrastructure, City Services, and Resiliency",Needs for Sanitation Services,Department of Sanitation (DSNY),Expense,Sanitation enforcement,Increase enforcement of recycling laws
"Core Infrastructure, City Services, and Resiliency",Needs for Sanitation Services,Department of Sanitation (DSNY),Expense,Sanitation enforcement,Other enforcement requests
"Core Infrastructure, City Services, and Resiliency",Needs for Sanitation Services,Department of Sanitation (DSNY),Expense,Sanitation enforcement,Increase enforcement of street vending
"Core Infrastructure, City Services, and Resiliency",Needs for Sanitation Services,Department of Sanitation (DSNY),Expense,Sanitation enforcement,Increase enforcement of Set-out laws
"Core Infrastructure, City Services, and Resiliency",Needs for Sanitation Services,Department of Sanitation (DSNY),Expense,Snow removal,Improve snow removal
"Core Infrastructure, City Services, and Resiliency",Needs for Sanitation Services,Department of Sanitation (DSNY),Expense,Cleaning,Increase cleaning of dump-out/drop-off locations
"Core Infrastructure, City Services, and Resiliency",Needs for Sanitation Services,Department of Sanitation (DSNY),Expense,Cleaning,Increase vacant lot cleaning
"Core Infrastructure, City Services, and Resiliency",Needs for Sanitation Services,Department of Sanitation (DSNY),Expense,Cleaning,Other cleaning requests
"Core Infrastructure, City Services, and Resiliency",Needs for Sanitation Services,Department of Sanitation (DSNY),Expense,Cleaning,Provide more frequent litter basket collection
"Core Infrastructure, City Services, and Resiliency",Needs for Sanitation Services,Department of Sanitation (DSNY),Expense,Cleaning,Increase Highway/Ramp cleaning
"Core Infrastructure, City Services, and Resiliency",Needs for Sanitation Services,Department of Sanitation (DSNY),Expense,Cleaning,Increase Graffiti Removal/Cleaning
"Core Infrastructure, City Services, and Resiliency",Needs for Sanitation Services,Department of Sanitation (DSNY),Capital,Garbage collection and recycling infrastructure,Other capital budget request for DSNY
"Core Infrastructure, City Services, and Resiliency",Needs for Sanitation Services,Department of Sanitation (DSNY),Expense,Garbage collection and recycling,Other expense budget request for DSNY
"Housing, Economic Development, and Land Use",Needs for Land Use,Department of City Planning (DCP),Expense,Zoning and land use,Other zoning and land use requests
"Housing, Economic Development, and Land Use",Needs for Land Use,Department of City Planning (DCP),Expense,Zoning and land use,Study land use and zoning to better match current use or future neighborhood needs
"Housing, Economic Development, and Land Use",Needs for Land Use,Department of City Planning (DCP),Expense,Zoning and land use,Planning support for previously approved land use or zoning actions
"Housing, Economic Development, and Land Use",Needs for Land Use,Department of City Planning (DCP),Expense,Zoning and land use,Planning support for capital investments
"Housing, Economic Development, and Land Use",Needs for Land Use,Department of City Planning (DCP),Expense,Zoning and land use,"Increased community board training, including on core land use process and practices "
"Housing, Economic Development, and Land Use",Needs for Land Use,Department of City Planning (DCP),Expense,Zoning and land use,"As needed Land use planning, technical and urban design support"
"Housing, Economic Development, and Land Use",Needs for Land Use,Department of City Planning (DCP),Expense,Zoning and land use,Study land use and zoning to better provide for future neighborhood needs like affordable housing and job growth
"Housing, Economic Development, and Land Use",Needs for Land Use,Department of City Planning (DCP),Expense,Zoning and land use, Create a neighborhood plan in coordination with the community
"Housing, Economic Development, and Land Use",Needs for Land Use,Department of Buildings (DOB),Expense,Building code and zoning enforcement,Address illegal conversions and uses of buildings
"Housing, Economic Development, and Land Use",Needs for Land Use,Department of Buildings (DOB),Expense,Building code and zoning enforcement,Assign additional building inspectors (including expanding training programs)
"Housing, Economic Development, and Land Use",Needs for Land Use,Department of Buildings (DOB),Expense,Building code and zoning enforcement,Expand code enforcement
"Housing, Economic Development, and Land Use",Needs for Land Use,Department of Buildings (DOB),Capital,Building code and zoning enforcement,Other capital budget request for DOB
"Housing, Economic Development, and Land Use",Needs for Land Use,Department of Buildings (DOB),Expense,Building code and zoning enforcement,Other expense budget request for DOB
"Housing, Economic Development, and Land Use",Needs for Housing,Housing Preservation and Development (HPD),Capital,Affordable housing programs,"Provide, expand, or enhance loan programs to rehabilitate multiple dwelling buildings"
"Housing, Economic Development, and Land Use",Needs for Housing,Housing Preservation and Development (HPD),Capital,Affordable housing programs,Provide more housing for extremely low and low income households
"Housing, Economic Development, and Land Use",Needs for Housing,Housing Preservation and Development (HPD),Capital,Affordable housing programs,Provide more housing for medium income households
"Housing, Economic Development, and Land Use",Needs for Housing,Housing Preservation and Development (HPD),Capital,Affordable housing programs,Provide more housing for seniors
"Housing, Economic Development, and Land Use",Needs for Housing,Housing Preservation and Development (HPD),Capital,Affordable housing programs,"Provide more housing for special needs households, such as the formerly homeless"
"Housing, Economic Development, and Land Use",Needs for Housing,Housing Preservation and Development (HPD),Expense,Affordable housing programs,"Provide, expand, or enhance rental subsidies programs"
"Housing, Economic Development, and Land Use",Needs for Housing,Housing Preservation and Development (HPD),Expense,Affordable housing programs,"Provide, expand, or enhance community outreach on HPD programs and services"
"Housing, Economic Development, and Land Use",Needs for Housing,Housing Preservation and Development (HPD),Expense,Affordable housing programs,"Provide, expand, or enhance programs for homeowners and first-time homebuyers"
"Housing, Economic Development, and Land Use",Needs for Housing,Housing Preservation and Development (HPD),Expense,Housing oversight and emergency housing programs,"Provide, expand, or enhance programs for housing inspections to correct code violations"
"Housing, Economic Development, and Land Use",Needs for Housing,Housing Preservation and Development (HPD),Expense,Housing oversight and emergency housing programs,"Provide, expand, or enhance tenant protection programs"
"Housing, Economic Development, and Land Use",Needs for Housing,Housing Preservation and Development (HPD),Expense,Housing oversight and emergency housing programs,Other housing oversight and emergency housing programs
"Housing, Economic Development, and Land Use",Needs for Housing,Housing Preservation and Development (HPD),Expense,Housing oversight and emergency housing programs,"Provide, expand, or enhance emergency housing programs for households displaced by fires or City-issued vacate orders"
"Housing, Economic Development, and Land Use",Needs for Housing,Housing Preservation and Development (HPD),Capital,Affordable housing programs,Other capital budget request for HPD
"Housing, Economic Development, and Land Use",Needs for Housing,Housing Preservation and Development (HPD),Expense,Affordable housing programs,Other expense budget request for HPD
"Housing, Economic Development, and Land Use",Needs for Housing,New York City Housing Authority (NYCHA),Expense,Housing support,Expand the Section 8 Program
"Housing, Economic Development, and Land Use",Needs for Housing,New York City Housing Authority (NYCHA),Expense,Housing support,Other housing support requests
"Housing, Economic Development, and Land Use",Needs for Housing,New York City Housing Authority (NYCHA),Expense,"Public housing maintenance, staffing and management",Improve public housing maintenance and cleanliness
"Housing, Economic Development, and Land Use",Needs for Housing,New York City Housing Authority (NYCHA),Expense,"Public housing maintenance, staffing and management","Other public housing maintenance, staffing and management requests"
"Housing, Economic Development, and Land Use",Needs for Housing,New York City Housing Authority (NYCHA),Capital,Public housing upgrades or renovations,Create more housing on NYCHA properties
"Housing, Economic Development, and Land Use",Needs for Housing,New York City Housing Authority (NYCHA),Capital,Public housing upgrades or renovations,Increase energy efficiency and environmental performance of NYCHA developments
"Housing, Economic Development, and Land Use",Needs for Housing,New York City Housing Authority (NYCHA),Capital,Public housing upgrades or renovations,Install recycling facilities at NYCHA developments
"Housing, Economic Development, and Land Use",Needs for Housing,New York City Housing Authority (NYCHA),Capital,Public housing upgrades or renovations,Install security cameras or make other safety upgrades
"Housing, Economic Development, and Land Use",Needs for Housing,New York City Housing Authority (NYCHA),Capital,Public housing upgrades or renovations,Other public housing upgrades or renovations requests
"Housing, Economic Development, and Land Use",Needs for Housing,New York City Housing Authority (NYCHA),Capital,Public housing upgrades or renovations,Renovate or upgrade NYCHA community facilities or open space
"Housing, Economic Development, and Land Use",Needs for Housing,New York City Housing Authority (NYCHA),Capital,Public housing upgrades or renovations,Renovate or upgrade public housing developments
"Housing, Economic Development, and Land Use",Needs for Housing,New York City Housing Authority (NYCHA),Capital,Public housing upgrades or renovations,Other capital budget request for NYCHA
"Housing, Economic Development, and Land Use",Needs for Housing,New York City Housing Authority (NYCHA),Expense,Public housing upgrades or renovations,Other expense budget request for NYCHA
"Housing, Economic Development, and Land Use",Needs for Economic Development,Economic Development Corporation (EDC),Expense,Economic development investments,Expand programming and activation of City-owned sites
"Housing, Economic Development, and Land Use",Needs for Economic Development,Economic Development Corporation (EDC),Expense,Economic development investments,Improve city-owed NYC public markets
"Housing, Economic Development, and Land Use",Needs for Economic Development,Economic Development Corporation (EDC),Capital,Economic development investments,Invest in capital projects to improve access to waterfront 
"Housing, Economic Development, and Land Use",Needs for Economic Development,Economic Development Corporation (EDC),Capital,Economic development investments,Invest in infrastructure that will support growth in commercial business districts  
"Housing, Economic Development, and Land Use",Needs for Economic Development,Economic Development Corporation (EDC),Expense,Economic development investments,Expand clean space initiatives for public sites and graffiti free removal program for private sites along commercial business corridors
"Housing, Economic Development, and Land Use",Needs for Economic Development,Economic Development Corporation (EDC),Capital,Economic development investments,Other capital budget request for EDC
"Housing, Economic Development, and Land Use",Needs for Economic Development,Economic Development Corporation (EDC),Capital,Economic development programs,"Build or expand affordable work or research lab spaces related to key industries, such as film/tv, advanced manufacturing, life science and healthcare, renewable energy and freight maritime"
"Housing, Economic Development, and Land Use",Needs for Economic Development,Economic Development Corporation (EDC),Expense,Economic development programs,"Expand programs in emerging and legacy industries, e.g. fashion, film, advanced and food manufacturing, life sciences and healthcare, offshore wind, freight, and maritime"
"Housing, Economic Development, and Land Use",Needs for Economic Development,Economic Development Corporation (EDC),Expense,Economic development programs,Expand programs to support MWBE-owned firms and businesses
"Housing, Economic Development, and Land Use",Needs for Economic Development,Economic Development Corporation (EDC),Expense,Economic development programs,Other expense budget request for EDC
"Housing, Economic Development, and Land Use",Needs for Economic Development,Economic Development Corporation (EDC),Expense,Tax and other incentives programs and financing support,"Invest in access to low cost financing and financial incentives to help businesses construct or improve space, job creation and retention, and catalyze new capital investment"
"Housing, Economic Development, and Land Use",Needs for Economic Development,Economic Development Corporation (EDC),Expense,Tax and other incentives programs and financing support,Invest in financial incentives and low cost financing for job creation and retention
"Housing, Economic Development, and Land Use",Needs for Economic Development,Economic Development Corporation (EDC),Expense,Economic development investments,Invest in planning for transportation-oriented infrastructure
"Housing, Economic Development, and Land Use",Needs for Economic Development,Department of Small Business Services (SBS),Expense,Business regulatory assistance,Assist with on-site business compliance with City regulations
"Housing, Economic Development, and Land Use",Needs for Economic Development,Department of Small Business Services (SBS),Expense,Business regulatory assistance,Other business regulatory assistance requests
"Housing, Economic Development, and Land Use",Needs for Economic Development,Department of Small Business Services (SBS),Expense,Business regulatory assistance,Provide or expand assistance to obtain licenses and permits
"Housing, Economic Development, and Land Use",Needs for Economic Development,Department of Small Business Services (SBS),Expense,Business regulatory assistance,Provide or expand business recovery assistance after an emergency
"Housing, Economic Development, and Land Use",Needs for Economic Development,Department of Small Business Services (SBS),Expense,Commercial district revitalization,Conduct a commercial district needs assessment
"Housing, Economic Development, and Land Use",Needs for Economic Development,Department of Small Business Services (SBS),Expense,Commercial district revitalization,Conduct BID Feasibility Analysis or support BID Formation Planning for a selected commercial district
"Housing, Economic Development, and Land Use",Needs for Economic Development,Department of Small Business Services (SBS),Expense,Commercial district revitalization,Other commercial district revitalization requests
"Housing, Economic Development, and Land Use",Needs for Economic Development,Department of Small Business Services (SBS),Expense,Commercial district revitalization,Support development of local Storefront / Facade Improvement Program
"Housing, Economic Development, and Land Use",Needs for Economic Development,Department of Small Business Services (SBS),Expense,Commercial district revitalization,"Support local CBO's efforts to improve a public space through management, maintenance and programming"
"Housing, Economic Development, and Land Use",Needs for Economic Development,Department of Small Business Services (SBS),Expense,Commercial district revitalization,"Support local CBO's efforts to provide or expand district marketing, branding, and promotion"
"Housing, Economic Development, and Land Use",Needs for Economic Development,Department of Small Business Services (SBS),Expense,Commercial district revitalization,Support local CBO's efforts to provide or expand retail attraction and retention assistance
"Housing, Economic Development, and Land Use",Needs for Economic Development,Department of Small Business Services (SBS),Expense,Commercial district revitalization,Support merchant organizing
"Housing, Economic Development, and Land Use",Needs for Economic Development,Department of Small Business Services (SBS),Expense,Commercial district revitalization,Support non-profit organizational development and capacity building
"Housing, Economic Development, and Land Use",Needs for Economic Development,Department of Small Business Services (SBS),Expense,Direct business services,Deploy Mobile Outreach Unit or Chamber On-the-Go to provide business services
"Housing, Economic Development, and Land Use",Needs for Economic Development,Department of Small Business Services (SBS),Expense,Direct business services,Help minority- and women-owned businesses grow their capacity
"Housing, Economic Development, and Land Use",Needs for Economic Development,Department of Small Business Services (SBS),Expense,Direct business services,"Increase certification support for minority-, women-owned, local and emerging businesses"
"Housing, Economic Development, and Land Use",Needs for Economic Development,Department of Small Business Services (SBS),Expense,Direct business services,"Provide assistance to minority-, women-owned businesses on contracting with the City"
"Housing, Economic Development, and Land Use",Needs for Economic Development,Department of Small Business Services (SBS),Expense,Direct business services,Provide commercial lease support for business owners
"Housing, Economic Development, and Land Use",Needs for Economic Development,Department of Small Business Services (SBS),Expense,Direct business services,Provide disaster and resiliency preparation for small businesses
"Housing, Economic Development, and Land Use",Needs for Economic Development,Department of Small Business Services (SBS),Expense,Direct business services,Provide information about incentive programs and energy savings
"Housing, Economic Development, and Land Use",Needs for Economic Development,Department of Small Business Services (SBS),Expense,Direct business services,"Provide information on how to sell to federal, state and City government"
"Housing, Economic Development, and Land Use",Needs for Economic Development,Department of Small Business Services (SBS),Expense,Direct business services,Provide or expand access to capital
"Housing, Economic Development, and Land Use",Needs for Economic Development,Department of Small Business Services (SBS),Expense,Direct business services,Provide or expand business education to businesses and entrepreneurs
"Housing, Economic Development, and Land Use",Needs for Economic Development,Department of Small Business Services (SBS),Expense,Direct business services,Support emerging entrepreneurs and new small businesses
"Housing, Economic Development, and Land Use",Needs for Economic Development,Department of Small Business Services (SBS),Expense,Direct business services,"Support immigrant, M/WBE, and veteran-owned businesses"
"Housing, Economic Development, and Land Use",Needs for Economic Development,Department of Small Business Services (SBS),Expense,Direct business services,"Support local, long-standing businesses"
"Housing, Economic Development, and Land Use",Needs for Economic Development,Department of Small Business Services (SBS),Expense,Direct business services,Support recruitment or hiring of employees
"Housing, Economic Development, and Land Use",Needs for Economic Development,Department of Small Business Services (SBS),Expense,Workforce development,Deploy Mobile Outreach Unit to provide workforce services
"Housing, Economic Development, and Land Use",Needs for Economic Development,Department of Small Business Services (SBS),Expense,Workforce development,Help job seekers connect to employment
"Housing, Economic Development, and Land Use",Needs for Economic Development,Department of Small Business Services (SBS),Expense,Workforce development,Other workforce development requests
"Housing, Economic Development, and Land Use",Needs for Economic Development,Department of Small Business Services (SBS),Expense,Workforce development,Provide or expand occupational skills training programs
"Housing, Economic Development, and Land Use",Needs for Economic Development,Department of Small Business Services (SBS),Capital,Direct business services,Other capital budget request for SBS
"Housing, Economic Development, and Land Use",Needs for Economic Development,Department of Small Business Services (SBS),Expense,Direct business services,Other expense budget request for SBS
Transportation and Mobility,Needs for Traffic and Transportation Infrastructure,Department of Transportation (DOT),Expense,Ferries,Expand the frequency or hours of Staten Island Ferry
Transportation and Mobility,Needs for Traffic and Transportation Infrastructure,Department of Transportation (DOT),Expense,Traffic and traffic flow,Address traffic congestion
Transportation and Mobility,Needs for Traffic and Transportation Infrastructure,Department of Transportation (DOT),Expense,Traffic and traffic flow,Conduct traffic or parking studies
Transportation and Mobility,Needs for Traffic and Transportation Infrastructure,Department of Transportation (DOT),Capital,Traffic and traffic flow,"Improve traffic and pedestrian safety, including traffic calming"
Transportation and Mobility,Needs for Traffic and Transportation Infrastructure,Department of Transportation (DOT),Expense,Traffic and traffic flow,Other traffic improvement requests
Transportation and Mobility,Needs for Traffic and Transportation Infrastructure,Department of Transportation (DOT),Expense,Traffic and traffic flow,Other expense budget request for DOT
Transportation and Mobility,Needs for Traffic and Transportation Infrastructure,Department of Transportation (DOT),Expense,Transportation infrastructure,Add street signage or wayfinding elements
Transportation and Mobility,Needs for Traffic and Transportation Infrastructure,Department of Transportation (DOT),Capital,Transportation infrastructure,"Improve mobility options, including bike share and car share"
Transportation and Mobility,Needs for Traffic and Transportation Infrastructure,Department of Transportation (DOT),Capital,Transportation infrastructure,Install Real Time Passenger Information signs
Transportation and Mobility,Needs for Traffic and Transportation Infrastructure,Department of Transportation (DOT),Capital,Transportation infrastructure,Install streetscape improvements
Transportation and Mobility,Needs for Traffic and Transportation Infrastructure,Department of Transportation (DOT),Capital,Transportation infrastructure,Other transportation infrastructure requests
Transportation and Mobility,Needs for Traffic and Transportation Infrastructure,Department of Transportation (DOT),Expense,Transportation infrastructure,Provide new bike lanes
Transportation and Mobility,Needs for Traffic and Transportation Infrastructure,Department of Transportation (DOT),Expense,Transportation infrastructure,Provide new traffic or pedestrian signals
Transportation and Mobility,Needs for Traffic and Transportation Infrastructure,Department of Transportation (DOT),Capital,Transportation infrastructure,Reconstruct streets
Transportation and Mobility,Needs for Traffic and Transportation Infrastructure,Department of Transportation (DOT),Capital,Transportation infrastructure,Rehabilitate bridges
Transportation and Mobility,Needs for Traffic and Transportation Infrastructure,Department of Transportation (DOT),Capital,Transportation infrastructure,Repair or build new seawalls or bulkheads
Transportation and Mobility,Needs for Traffic and Transportation Infrastructure,Department of Transportation (DOT),Capital,Transportation infrastructure,Repair or build new step streets
Transportation and Mobility,Needs for Traffic and Transportation Infrastructure,Department of Transportation (DOT),Capital,Transportation infrastructure,"Repair or construct sidewalks, curbs, or pedestrian ramps"
Transportation and Mobility,Needs for Traffic and Transportation Infrastructure,Department of Transportation (DOT),Capital,Transportation infrastructure,"Repair or construct medians, or other street assets"
Transportation and Mobility,Needs for Traffic and Transportation Infrastructure,Department of Transportation (DOT),Capital,Transportation infrastructure,Repair or provide new street lights
Transportation and Mobility,Needs for Traffic and Transportation Infrastructure,Department of Transportation (DOT),Capital,Transportation infrastructure,"Roadway maintenance (resurfacing, trench restoration, etc.)"
Transportation and Mobility,Needs for Traffic and Transportation Infrastructure,Department of Transportation (DOT),Capital,Transportation infrastructure,Upgrade or create new greenways
Transportation and Mobility,Needs for Traffic and Transportation Infrastructure,Department of Transportation (DOT),Capital,Transportation infrastructure,Upgrade or create new plazas
Transportation and Mobility,Needs for Traffic and Transportation Infrastructure,Department of Transportation (DOT),Capital,Transportation infrastructure,Upgrade or provide new Select Bus Service (SBS) routes
Transportation and Mobility,Needs for Traffic and Transportation Infrastructure,Department of Transportation (DOT),Capital,Transportation infrastructure,Other capital budget request for DOT
Transportation and Mobility,Needs for Transit Services,New York City Transit Authority (NYCTA),Capital,Transit Infrastructure,"Improve accessibility of transit infrastructure, by providing elevators, escalators, etc."
Transportation and Mobility,Needs for Transit Services,New York City Transit Authority (NYCTA),Capital,Transit Infrastructure,Other transit infrastructure requests
Transportation and Mobility,Needs for Transit Services,New York City Transit Authority (NYCTA),Capital,Transit Infrastructure,Repair or upgrade subway stations or other transit infrastructure
Transportation and Mobility,Needs for Transit Services,New York City Transit Authority (NYCTA),Expense,Transit service,Expand bus service frequency or hours of operation
Transportation and Mobility,Needs for Transit Services,New York City Transit Authority (NYCTA),Expense,Transit service,Expand subway service frequency or hours of operations
Transportation and Mobility,Needs for Transit Services,New York City Transit Authority (NYCTA),Expense,Transit service,"Improve bus cleanliness, safety or maintenance"
Transportation and Mobility,Needs for Transit Services,New York City Transit Authority (NYCTA),Expense,Transit service,"Improve subway station or train cleanliness, safety and maintenance"
Transportation and Mobility,Needs for Transit Services,New York City Transit Authority (NYCTA),Capital,Transit service,Other transit service requests
Transportation and Mobility,Needs for Transit Services,New York City Transit Authority (NYCTA),Expense,Transit service,Provide a new bus service or Select Bus Service
Transportation and Mobility,Needs for Transit Services,New York City Transit Authority (NYCTA),Capital,Transit Infrastructure,Other capital budget request for NYCTA
Transportation and Mobility,Needs for Transit Services,Taxi and Limousine Commission (TLC),Capital,Other transit needs,Other capital budget request for TLC
Transportation and Mobility,Needs for Transit Services,Taxi and Limousine Commission (TLC),Expense,Other transit needs,Other expense budget request for TLC
"Parks, Cultural, and Other Community Facilities",Needs for Parks,Department of Parks and Recreation (DPR),Capital,Park maintenance and safety,"Enhance park safety through design interventions, e.g. better lighting "
"Parks, Cultural, and Other Community Facilities",Needs for Parks,Department of Parks and Recreation (DPR),Expense,Park maintenance and safety,Enhance park safety through more security staff (police or parks enforcement)
"Parks, Cultural, and Other Community Facilities",Needs for Parks,Department of Parks and Recreation (DPR),Expense,Park maintenance and safety,Improve trash removal and cleanliness
"Parks, Cultural, and Other Community Facilities",Needs for Parks,Department of Parks and Recreation (DPR),Capital,Park maintenance and safety,New equipment for maintenance
"Parks, Cultural, and Other Community Facilities",Needs for Parks,Department of Parks and Recreation (DPR),Expense,Park maintenance and safety,New equipment for maintenance 
"Parks, Cultural, and Other Community Facilities",Needs for Parks,Department of Parks and Recreation (DPR),Expense,Park maintenance and safety,Other expense budget request for DPR
"Parks, Cultural, and Other Community Facilities",Needs for Parks,Department of Parks and Recreation (DPR),Expense,Park maintenance and safety,Other park maintenance and safety requests
"Parks, Cultural, and Other Community Facilities",Needs for Parks,Department of Parks and Recreation (DPR),Expense,Park maintenance and safety,Provide better park maintenance
"Parks, Cultural, and Other Community Facilities",Needs for Parks,Department of Parks and Recreation (DPR),Expense,Park programming,Improve the quality/staffing of existing programs offered in parks or recreational centers
"Parks, Cultural, and Other Community Facilities",Needs for Parks,Department of Parks and Recreation (DPR),Expense,Park programming,Other park programming requests
"Parks, Cultural, and Other Community Facilities",Needs for Parks,Department of Parks and Recreation (DPR),Expense,Park programming,"Provide more athletic programming (i.e. league, aquatic)"
"Parks, Cultural, and Other Community Facilities",Needs for Parks,Department of Parks and Recreation (DPR),Expense,Park programming,Provide more educational programming in Computer Resource Center
"Parks, Cultural, and Other Community Facilities",Needs for Parks,Department of Parks and Recreation (DPR),Expense,Park programming,Provide more environmental education programming (i.e. Urban Park Rangers)
"Parks, Cultural, and Other Community Facilities",Needs for Parks,Department of Parks and Recreation (DPR),Expense,Park programming,Provide more programs in parks or recreational centers
"Parks, Cultural, and Other Community Facilities",Needs for Parks,Department of Parks and Recreation (DPR),Expense,Park programming,Provide new type and/or specific type of program
"Parks, Cultural, and Other Community Facilities",Needs for Parks,Department of Parks and Recreation (DPR),Capital,"Park, buildings, and access improvements",Improve access to a building in a park
"Parks, Cultural, and Other Community Facilities",Needs for Parks,Department of Parks and Recreation (DPR),Capital,"Park, buildings, and access improvements","Improve access to a park or amenity (i.e. playground, outdoor athletic field)"
"Parks, Cultural, and Other Community Facilities",Needs for Parks,Department of Parks and Recreation (DPR),Capital,"Park, buildings, and access improvements",Other capital budget request for DPR
"Parks, Cultural, and Other Community Facilities",Needs for Parks,Department of Parks and Recreation (DPR),Capital,"Park, buildings, and access improvements","Other requests for park, building, or access improvements"
"Parks, Cultural, and Other Community Facilities",Needs for Parks,Department of Parks and Recreation (DPR),Capital,"Park, buildings, and access improvements","Provide a new or expanded park or amenity (i.e. playground, outdoor athletic field)"
"Parks, Cultural, and Other Community Facilities",Needs for Parks,Department of Parks and Recreation (DPR),Capital,"Park, buildings, and access improvements","Provide a new, or new expansion to, a building in a park"
"Parks, Cultural, and Other Community Facilities",Needs for Parks,Department of Parks and Recreation (DPR),Capital,"Park, buildings, and access improvements",Reconstruct or upgrade a building in a park
"Parks, Cultural, and Other Community Facilities",Needs for Parks,Department of Parks and Recreation (DPR),Capital,"Park, buildings, and access improvements","Reconstruct or upgrade a park or amenity (i.e. playground, outdoor athletic field)"
"Parks, Cultural, and Other Community Facilities",Needs for Parks,Department of Parks and Recreation (DPR),Expense,Street trees and forestry services,"Forestry services, including street tree maintenance"
"Parks, Cultural, and Other Community Facilities",Needs for Parks,Department of Parks and Recreation (DPR),Expense,Street trees and forestry services,Other street trees and forestry services requests
"Parks, Cultural, and Other Community Facilities",Needs for Parks,Department of Parks and Recreation (DPR),Expense,Street trees and forestry services,Plant new street trees
"Parks, Cultural, and Other Community Facilities",Needs for Cultural Services,Department of Cultural Affairs (DCLA),Capital,Cultural facilities and resources,Other cultural facilities and resources requests
"Parks, Cultural, and Other Community Facilities",Needs for Cultural Services,Department of Cultural Affairs (DCLA),Expense,Cultural facilities and resources,Other cultural facilities and resources requests 
"Parks, Cultural, and Other Community Facilities",Needs for Cultural Services,Department of Cultural Affairs (DCLA),Expense,Cultural facilities and resources,Provide more public art
"Parks, Cultural, and Other Community Facilities",Needs for Cultural Services,Department of Cultural Affairs (DCLA),Capital,Cultural facilities and resources,Purchase equipment for cultural facility
"Parks, Cultural, and Other Community Facilities",Needs for Cultural Services,Department of Cultural Affairs (DCLA),Capital,Cultural facilities and resources,Renovate or upgrade an existing cultural facility
"Parks, Cultural, and Other Community Facilities",Needs for Cultural Services,Department of Cultural Affairs (DCLA),Expense,Cultural facilities and resources,Support nonprofit cultural organizations
"Parks, Cultural, and Other Community Facilities",Needs for Cultural Services,Department of Cultural Affairs (DCLA),Expense,Cultural facilities and resources,Other expense budget request for DCLA
"Parks, Cultural, and Other Community Facilities",Needs for Cultural Services,Landmarks Preservation Commission (LPC),Expense,Landmarks and preservation,Expand staffing and program related services
"Parks, Cultural, and Other Community Facilities",Needs for Cultural Services,Landmarks Preservation Commission (LPC),Expense,Landmarks and preservation,Other staffing and program related requests
"Parks, Cultural, and Other Community Facilities",Needs for Cultural Services,Landmarks Preservation Commission (LPC),Expense,Landmarks and preservation,Other expense budget request for LPC
"Parks, Cultural, and Other Community Facilities",Needs for Library Services,Brooklyn Public Library (BPL),Capital,"Library facilities, equipment and programs","Create a new, or renovate or upgrade an existing public library"
"Parks, Cultural, and Other Community Facilities",Needs for Library Services,Brooklyn Public Library (BPL),Expense,"Library facilities, equipment and programs",Extend library hours or expand and enhance library programs
"Parks, Cultural, and Other Community Facilities",Needs for Library Services,Brooklyn Public Library (BPL),Capital,"Library facilities, equipment and programs",Provide more or better equipment to a library
"Parks, Cultural, and Other Community Facilities",Needs for Library Services,New York Public Library (NYPL),Capital,"Library facilities, equipment and programs","Create a new, or renovate or upgrade an existing public library"
"Parks, Cultural, and Other Community Facilities",Needs for Library Services,New York Public Library (NYPL),Expense,"Library facilities, equipment and programs","Extend library hours, expand library programs, and enhance library collections"
"Parks, Cultural, and Other Community Facilities",Needs for Library Services,New York Public Library (NYPL),Capital,"Library facilities, equipment and programs","Provide new or replacement equipment to a library, including technology"
"Parks, Cultural, and Other Community Facilities",Needs for Library Services,New York Public Library (NYPL),Capital,"Library facilities, equipment and programs",Other capital budget request for NYPL
"Parks, Cultural, and Other Community Facilities",Needs for Library Services,New York Public Library (NYPL),Expense,"Library facilities, equipment and programs",Other expense budget request for NYPL
"Parks, Cultural, and Other Community Facilities",Needs for Library Services,New York Public Library (NYPL),Expense,"Library facilities, equipment and programs",Maintain library hours and/or days of service
"Parks, Cultural, and Other Community Facilities",Needs for Library Services,Queens Library (QL),Capital,"Library facilities, equipment and programs","Create a new, or renovate or upgrade an existing public library"
"Parks, Cultural, and Other Community Facilities",Needs for Library Services,Queens Library (QL),Expense,"Library facilities, equipment and programs",Extend library hours or expand and enhance library programs
"Parks, Cultural, and Other Community Facilities",Needs for Library Services,Queens Library (QL),Capital,"Library facilities, equipment and programs",Provide more or better equipment to a library
"Parks, Cultural, and Other Community Facilities",Needs for Library Services,Queens Library (QL),Expense,"Library facilities, equipment and programs",Other expense budget request for QPL
"Parks, Cultural, and Other Community Facilities",Needs for Library Services,Queens Library (QL),Expense,"Library facilities, equipment and programs",Other expense budget request for QL
"Parks, Cultural, and Other Community Facilities",Needs for Community Boards,Department of Citywide Administrative Services (DCAS),Capital,Community board facilities and staff,"Renovate, upgrade or provide new community board facilities and equipment"
"Parks, Cultural, and Other Community Facilities",Needs for Community Boards,Department of Citywide Administrative Services (DCAS),Capital,Community board facilities and staff,Other capital budget request for DCAS
"Parks, Cultural, and Other Community Facilities",Needs for Community Boards,Office of Management and Budget (OMB),Expense,Community board facilities and staff,Other community board facilities and staff requests
"Parks, Cultural, and Other Community Facilities",Needs for Community Boards,Office of Management and Budget (OMB),Expense,Community board facilities and staff,Provide more community board staff
"Parks, Cultural, and Other Community Facilities",Needs for Community Boards,Department of Information Technology and Telecommunications (DOITT),Expense,"Information technology hardware, software or services",Information technology goods and services
"Parks, Cultural, and Other Community Facilities",Needs for Community Boards,Department of Information Technology and Telecommunications (DOITT),Expense,"Information technology hardware, software or services",Telecommunications related requests
"Parks, Cultural, and Other Community Facilities",Needs for Community Boards,Department of Information Technology and Telecommunications (DOITT),Expense,"Information technology hardware, software or services",Other expense budget request for DoiTT
Other Needs,Other,NYC Emergency Management (NYCEM),Expense,Emergency Management,Other expense request for NYCEM
Other Needs,Other,NYC Emergency Management (NYCEM),Capital,Emergency Management,Other capital request for NYCEM
Other Needs,Other,Department of Consumer and Worker Protection (DCWP),Expense,Consumer and worker protection,Other expense budget request for DCA
Other Needs,Other,Mayor's Office of Criminal Justice (MOCJ),Capital,Criminal justice,Other capital budget request for MOCJ
Other Needs,Other,Mayor's Office of Criminal Justice (MOCJ),Expense,Criminal justice,Other expense budget request for MOCJ
Other Needs,Other,Mayor's Office of Media and Entertainment (MOME),Expense,Media and entertainment,Other expense budget request for MOME
Other Needs,Other,Mayor's Office of Citywide Event Coordination and Management (CECM),Expense,Other needs,Other expense budget request for CECM
Other Needs,Other,Other,Capital,Other Capital Needs,Other capital request
Other Needs,Other,Other,Expense,Other Expense Needs,Other expense request